x,y,z,color
0,5545437,0,5407103,-0,6325454,r
0,5778894,0,2811909,0,1772567,g
0,1283512,0,1323451,0,1062216,b
0,371978,0,4239314,-0,8257812,r
0,5049958,-0,2483414,-0,3574216,g
0,2822753,0,1288759,0,2231239,b
0,02394843,0,5130904,-0,8580005,r
0,4349701,-0,7355337,-0,5194142,r
0,0486302,0,1355371,0,1972239,b
0,762514,-0,1885437,-0,618889,r
-0,02360762,0,6430692,-0,17421,g
0,09366865,0,2607208,0,206989,b
-0,3419071,0,4947446,-0,7989539,r
0,1211265,0,0824009,0,2178861,b
0,1700544,0,3275616,0,09548104,b
0,4315594,-0,18873,-0,4717859,g
0,2542155,0,1760751,0,1899396,b
0,3161235,0,5762185,0,1117257,g
0,08493292,0,195598,0,1873319,b
0,1666945,0,5650646,-0,3120247,g
0,316316,0,2845756,0,1426788,b
0,001802898,-0,6109409,-0,266819,g
0,1193894,0,1590564,0,05509165,b
0,4606206,0,4718786,-0,09799861,g
0,2870179,0,02919911,0,03280552,b
0,9599118,0,2475704,0,1314465,r
0,2274109,0,332003,0,07582491,b
0,3093404,-0,698034,-0,6457995,r
0,4389689,-0,0850786,-0,8944651,r
-0,1280327,0,1571001,-0,6351154,g
0,5690969,0,2105119,-0,2761484,g
0,2867934,0,0815627,0,03937758,b
0,4060293,0,5043102,0,1589212,g
0,2073797,0,0430405,0,06621961,b
0,2692012,0,4587404,-0,8468104,r
0,1597679,0,2837743,0,001203189,b
0,1486623,0,1564249,0,2138979,b
0,1092132,0,1936919,0,1862924,b
-0,1157495,0,4761114,-0,4520669,g
0,2521902,0,1211605,0,2128617,b
0,4240269,-0,5000955,0,1206237,g
0,1318269,0,2994511,0,1448238,b
0,1623236,0,04738338,0,2262099,b
-0,07738692,0,3874305,-0,5369854,g
0,2570305,0,3285284,0,2130699,b
0,6064535,0,1426602,0,2372901,g
0,06435174,0,216204,0,09776168,b
0,1387687,0,0342495,0,06084283,b
0,1940549,-0,04307296,-0,9800446,r
-0,3071336,-0,167956,-0,567366,g
0,1164044,0,2618059,0,04055595,b
-0,4664558,-0,06163626,-0,4722969,g
0,1573387,0,3231763,0,2108046,b
0,8881555,-0,4481817,0,1015529,r
0,1235715,0,2689222,0,06770676,b
0,06195873,0,006144593,-0,6637528,g
0,2006291,0,2830561,0,1238958,b
0,3040092,0,496702,-0,324515,g
0,2147243,0,1228493,0,07562177,b
0,2171147,-0,5638089,-0,2818248,g
0,1670396,0,2779025,0,0460784,b
0,0556208,0,06662474,0,1128402,b
0,04879396,0,1629993,0,1322705,b
-0,2711067,-0,1617729,-0,5871755,g
0,2138941,0,06780787,0,02104397,b
0,3009519,0,2901096,0,05712665,b
-0,1753705,0,1180693,-0,977397,r
-0,295094,0,3483435,-0,4858198,g
0,2085054,0,05499614,0,1572795,b
0,4567252,-0,3593128,-0,3267122,g
0,02497565,0,2405093,0,05671452,b
0,1972663,0,1564497,-0,6172957,g
0,09777898,0,02740277,0,05216387,b
0,00329972,0,2259488,-0,6272007,g
0,2986761,0,05972363,0,06315973,b
0,06217515,0,1552143,0,1960501,b
0,5101304,-0,4207989,0,08449686,g
0,2170311,0,2311452,0,01120036,b
0,1089155,-0,2700546,-0,5997103,g
0,9907426,-0,1354326,0,009329014,r
0,2120319,0,1908517,0,1818991,b
0,8809363,-0,04825308,-0,4707683,r
0,1850605,0,1843665,0,1874487,b
0,2416088,0,08912277,0,208382,b
0,04865841,0,02815163,0,03418449,b
0,270327,0,09971743,0,1811788,b
0,1438997,0,2581803,0,1373639,b
0,6627096,0,01438539,-0,0710881,g
0,02670366,0,1402289,0,05077447,b
0,1520131,0,08723897,0,03945523,b
0,3023656,0,1847655,0,1954159,b
0,2510531,0,1011302,0,21853,b
-0,290201,-0,391087,-0,4552788,g
0,2578228,0,1805924,0,008683045,b
0,1977914,0,305224,0,225016,b
0,6510224,0,1130173,0,08855189,g
0,232877,0,02379679,0,1154586,b
0,2356282,0,2746508,0,08519953,b
0,6360404,-0,1267652,-0,1543617,g
0,1511519,0,04931022,0,01185383,b
0,989507,-0,08683939,0,115477,r
0,2872462,0,1448426,0,1980295,b
0,5572355,0,4373643,-0,7058336,r
0,2444114,0,3318827,0,004740714,b
0,01055723,0,3229911,-0,5831035,g
0,6333027,0,04995998,-0,2021786,g
0,1936001,0,2149974,0,1822522,b
0,2402214,0,04792866,0,06078629,b
0,2954873,0,005383814,0,09574154,b
0,2494529,0,5302581,-0,3178744,g
0,07678734,0,2048753,0,03639657,b
0,493619,0,3659482,-0,2585858,g
0,319977,0,04922373,0,02524354,b
0,56329,-0,2263984,0,2754861,g
0,1158078,0,09773262,0,169022,b
0,2401376,0,2216947,0,05979373,b
0,2319708,0,3858942,-0,8929027,r
0,251564,0,3302698,0,03346752,b
0,1130322,0,04152042,0,002560967,b
0,8813552,-0,3162076,-0,3510353,r
0,09758922,0,08826853,0,08237061,b
-0,3618601,-0,005450176,-0,5598857,g
0,7361722,0,5771749,-0,3534397,r
0,3550431,-0,5641053,-0,01319451,g
0,07181031,0,2545545,0,09198368,b
-0,03576073,0,09695376,-0,6586088,g
0,1834408,0,2773259,0,0561066,b
0,8343387,0,307909,-0,4572429,r
0,1328394,-0,5755995,-0,3090038,g
0,2102022,0,2358549,0,1115337,b
-0,3324828,-0,2801504,-0,9005393,r
0,4816468,0,3045783,-0,3459666,g
-0,2259511,0,1671328,-0,9596941,r
0,2609176,0,1511599,0,01441792,b
0,0357339,0,3072976,0,02325168,b
0,1576039,0,09742817,0,2472245,b
0,209438,0,2250552,0,2005035,b
0,02044401,0,2545245,0,02492937,b
0,0140155,0,1257933,0,04279314,b
0,2427807,0,1052744,0,2396415,b
0,2047128,0,1158177,0,05138647,b
0,6604854,-0,05687938,0,07048587,g
0,1777236,0,05048065,0,004087373,b
0,1249299,0,2006235,0,2283374,b
0,4044668,0,7838401,-0,4711702,r
-0,2346732,0,4657809,-0,4152363,g
0,3328696,0,5625477,-0,1310814,g
0,2315852,0,06384289,0,2605157,b
-0,2282326,-0,1561781,-0,6065993,g
0,08257604,0,3229314,0,1335865,b
0,2118431,-0,6304798,0,04541113,g
-0,398957,0,1223095,-0,5199212,g
-0,0377112,-0,6201017,-0,2418597,g
0,3191835,0,1598598,0,1678549,b
-0,166593,0,2988524,-0,9396457,r
0,06141356,0,03782404,0,08789119,b
-0,3722046,-0,3730054,-0,4083812,g
0,2113954,0,3071868,0,205505,b
0,1967414,0,06545749,0,08032127,b
0,2983776,0,1515421,0,1642945,b
0,2170186,-0,6033919,-0,1823886,g
0,2149359,0,007670998,0,0515454,b
0,2114716,0,2158986,0,1893907,b
0,1350355,0,1977668,0,1882655,b
0,7839819,-0,6073727,-0,1283387,r
0,265101,0,5362805,-0,2942263,g
0,2439847,0,08210497,0,04315025,b
0,2112062,0,0622539,0,09692504,b
0,6642392,0,03951865,0,04085363,g
0,184305,0,09227935,0,1213439,b
0,05506692,0,6396049,-0,1797711,g
0,04811158,0,2125678,0,1376615,b
0,1282045,0,2357098,0,1414078,b
0,2785302,0,1964882,0,2778716,b
0,6253847,-0,1413853,-0,1826159,g
0,3543006,-0,6528606,-0,6695104,r
0,1299427,0,2296646,0,1873553,b
0,3110904,0,01245524,0,04807277,b
0,1867198,0,8701906,-0,455965,r
0,511083,0,2784637,-0,3251101,g
0,06285085,0,2633856,0,06068967,b
-0,3504986,0,4771457,-0,8059049,r
0,1058707,0,01764776,0,1697669,b
0,4507516,0,3278685,-0,8302561,r
0,4811125,0,4249452,0,1799911,g
0,3088515,0,05405098,0,0958318,b
0,3988608,-0,05406643,-0,5314427,g
0,06922024,0,1239905,0,06162246,b
0,1233853,0,0961509,0,2469791,b
0,02180884,0,3054574,0,05323949,b
0,3149078,0,6488492,-0,692696,r
-0,3302719,0,260407,-0,5172554,g
0,09244818,0,1157126,0,1570885,b
0,4786005,-0,4306726,-0,1729367,g
0,02794555,0,08192442,0,009478902,b
0,2885216,0,2504446,0,02744453,b
0,2623492,0,1895388,0,06680732,b
0,2840517,0,0707128,0,2015791,b
0,9678077,0,09950592,-0,2311856,r
0,004052815,0,3113441,0,02512344,b
0,2233613,0,1191781,0,2454633,b
0,332541,-0,5734198,0,07106783,g
0,248828,0,2514473,0,2035302,b
0,2183299,0,04189102,0,2562392,b
0,2545122,0,1388659,0,2706158,b
0,1165848,0,1755281,0,1297049,b
0,06286894,-0,05525959,-0,6613912,g
0,105392,0,04222237,0,0651869,b
0,622012,-0,2203459,0,09483274,g
0,2839788,0,1304899,0,09396756,b
0,5685102,-0,01440136,-0,8225502,r
0,06545857,0,3204198,0,17183,b
0,2349239,0,08026434,0,2367696,b
0,356584,-0,3669543,-0,4273604,g
0,09833001,0,03395388,0,1160611,b
0,4893122,0,4424278,0,09631031,g
0,7371836,0,4978856,-0,4568045,r
0,5757906,0,3058952,0,1390601,g
0,02956717,0,1411677,0,003645027,b
-0,1524624,-0,5045119,-0,4082492,g
0,3881742,-0,2729045,-0,8802522,r
0,2826372,0,05224774,0,1221519,b
0,2441653,0,1747063,0,06210442,b
0,1594889,0,3237257,0,1045982,b
-0,2404456,-0,07858609,-0,9674762,r
7,502553E-05,0,1017687,0,01131382,b
0,9183517,0,3239013,-0,2274162,r
0,2944055,0,156687,0,2775904,b
0,5487215,0,7934638,-0,2632869,r
0,1694598,0,1955726,0,0208672,b
0,2986459,0,08617273,0,1174499,b
0,09049341,0,1291941,0,2076231,b
-0,2640249,-0,5165919,-0,8145082,r
0,1377926,0,3256437,0,05027749,b
0,2863767,0,281031,0,1905941,b
-0,3790823,-0,3816875,-0,8429776,r
0,5898898,0,2537052,-0,7665923,r
0,2047926,0,07959509,0,1177942,b
0,5326592,-0,1307723,-0,8361655,r
0,0773226,0,07703763,0,01800359,b
0,2429194,0,4029831,-0,4722703,g
-0,2869883,-0,04480888,-0,6000619,g
0,1428685,0,06193241,0,02976734,b
0,1226548,-0,8341768,-0,5376848,r
0,2608428,0,134863,0,1324089,b
-0,3379332,-0,005209429,-0,5746464,g
0,04020029,-0,4445398,-0,8948566,r
0,03714224,0,2378231,0,1556858,b
0,4669349,0,2243145,-0,4196417,g
0,1603578,0,6150525,-0,2010975,g
0,3147188,0,121933,0,1827047,b
-0,1029747,-0,1575301,-0,6395506,g
0,09041116,0,3180169,0,1081956,b
0,1003395,-0,655748,-0,7482824,r
0,3910868,0,4746951,-0,257216,g
0,06512588,0,08702562,0,01436215,b
0,07961046,0,1366349,0,04107975,b
0,2820541,-0,5063024,-0,3294659,g
0,1017475,0,2903309,0,07978172,b
-0,03487869,-0,6769649,-0,7351884,r
0,1097896,0,6570919,-0,02491782,g
0,1658389,0,1537171,0,2271063,b
0,5894796,-0,01475014,-0,8076486,r
0,2773977,0,1237107,0,1615309,b
-0,1520675,-0,5297539,-0,3750744,g
0,1282394,0,1528135,0,214036,b
-0,07995631,0,171561,-0,9819235,r
0,230497,0,2647055,0,00368459,b
0,1570245,-0,7963726,-0,5840667,r
-0,3111468,-0,1520419,-0,5696625,g
0,3285787,0,00993622,0,1193693,b
0,1091559,0,2384879,0,1736865,b
0,2877689,0,04942213,0,30022,b
0,2525993,0,1201666,0,2502504,b
0,3203192,0,1218086,0,1511694,b
0,252511,0,1292444,0,1520386,b
0,8085282,0,5605595,-0,1790398,r
0,2836704,0,07787107,0,06562539,b
0,5668953,0,5591509,-0,6049628,r
0,3469301,0,5058964,-0,2610608,g
0,3266279,0,081553,0,1543558,b
0,1539516,0,2746456,0,05785307,b
0,0582475,0,1930209,0,03130658,b
-0,3432583,-0,1704811,-0,9236395,r
0,08948365,0,01942533,0,008528229,b
-0,1663211,0,5884119,-0,2656185,g
0,1914963,0,116514,0,0293082,b
0,2846614,0,187514,0,2337777,b
0,2760451,0,3081393,0,06602839,b
0,2091831,0,53666,-0,3356827,g
0,1926745,0,2983256,0,1955725,b
0,02841358,-0,03112254,-0,6653334,g
0,1981871,0,2585454,0,2080305,b
-0,2385517,-0,3080587,-0,5409597,g
0,2318107,0,2724593,0,2038224,b
0,4539882,0,4860296,0,04598204,g
0,2779341,0,1041087,0,2472769,b
0,07704034,-0,3825772,-0,920706,r
0,02390737,0,3142594,0,1358061,b
0,1348483,0,06249427,0,1341115,b
0,7652215,0,5924482,-0,2518753,r
0,3331604,0,1061253,0,2106606,b
0,9355421,-0,2983836,-0,1890192,r
-0,3881209,0,3010033,-0,4507811,g
0,2053819,0,1876808,0,06793294,b
0,3926835,0,4251301,-0,8155146,r
0,4640776,-0,3516976,-0,3246309,g
0,1705556,0,2262113,0,1429214,b
0,8116877,-0,455316,-0,3658557,r
-0,3523365,0,3905195,-0,4096316,g
0,1577924,0,27772,0,1050784,b
0,5321718,-0,2168762,-0,3379383,g
0,03183665,0,01561586,0,1128073,b
0,9462973,0,2937597,0,1350057,r
0,6460035,0,1529555,-0,06106132,g
0,1705084,0,1953149,0,00478988,b
0,03570379,-0,7816141,-0,6227396,r
0,02536801,0,06613448,0,03623497,b
-0,03806464,-0,679249,-0,7329201,r
0,6315923,-0,07560308,-0,199549,g
0,1845877,0,2935891,0,04446526,b
0,2541329,0,1238038,-0,9592128,r
0,1776612,0,07534619,0,2695279,b
0,2792605,-0,4281875,-0,4279176,g
0,2832766,0,03974927,0,1602745,b
0,1985759,-0,165488,-0,9660131,r
0,1186008,-0,5701538,-0,3245042,g
0,3024124,0,1161523,0,145445,b
0,6167173,0,03797944,-0,2503234,g
0,2666591,0,1476859,0,03429923,b
0,07190046,0,1685019,0,01055117,b
0,2842123,-0,119067,-0,5911775,g
0,1808948,0,2357177,0,1173926,b
0,4721291,0,2207615,-0,4156957,g
0,2935736,0,02843401,0,2380026,b
0,3119703,0,1007388,0,05154629,b
0,3737908,0,5287044,-0,1587341,g
0,298608,0,2173311,0,2866322,b
0,4855329,0,8487364,-0,2095338,r
0,16676,0,1603666,0,1738921,b
0,01971446,0,3315014,0,02774897,b
0,4195758,0,2949708,-0,858457,r
0,2331631,0,300593,0,05516746,b
-0,4238449,-0,1016784,-0,5044417,g
0,02352984,0,05792341,0,01382104,b
0,5345102,-0,3265979,0,2282041,g
0,2460883,0,08648925,0,2604295,b
0,2085404,0,3145564,0,1648812,b
0,2295911,0,3474842,-0,9091439,r
-0,009252124,0,09983883,-0,6590835,g
0,08657192,0,2488147,0,1662338,b
-0,1287729,0,4675421,-0,4574564,g
0,4156386,0,5207214,0,02320093,g
0,07884673,0,264666,0,02675038,b
0,02486701,-0,573597,-0,3388401,g
-0,3358626,0,1336592,-0,5601571,g
0,3051726,0,02003042,0,1678421,b
0,3964767,0,7355886,-0,5492865,r
0,232435,0,130266,-0,6111049,g
0,1951092,0,07686111,0,2802642,b
0,09302265,0,3402682,-0,935716,r
-0,003013554,-0,2342299,-0,6241568,g
0,2349351,0,05301548,0,07585833,b
0,3136164,0,2304631,0,08746098,b
0,2256796,-0,6030291,-0,1728266,g
0,1569794,0,190061,0,1516767,b
0,2338968,0,2129866,0,1224802,b
0,2819428,-0,03518255,-0,6030878,g
0,2886793,0,2840577,0,004920246,b
-0,03780004,0,6015893,-0,7979107,r
0,2056047,0,004748234,0,2140933,b
0,1853016,0,1616041,0,04031735,b
0,3042923,0,3030472,0,2416696,b
0,01312832,0,274331,0,002457932,b
0,2159973,-0,8880302,-0,405891,r
0,2645102,0,2891969,-0,5392995,g
0,1736059,0,06968015,0,2525291,b
0,4921697,-0,2347672,-0,8382442,r
-0,2229744,-0,1267491,-0,6153548,g
0,2164875,0,2064205,0,07485564,b
0,7752017,-0,2812158,-0,5656676,r
0,5833368,-0,1411442,0,2902429,g
0,2745603,0,05187537,0,1397352,b
0,6409594,0,7491301,-0,1672576,r
0,331841,0,007093723,0,1771051,b
0,2041684,0,04780788,0,1849581,b
0,2829163,0,3204112,0,06807224,b
-0,3996978,-0,04537911,-0,5316266,g
-0,280113,-0,4727052,-0,3775328,g
0,1949302,0,1166328,0,08680635,b
0,3561081,-0,4221284,-0,3734154,g
0,1844742,0,1283009,0,03585612,b
-0,277213,0,2624882,-0,546532,g
0,2711823,0,1084826,0,06433614,b
0,9221638,-0,386561,-0,01358436,r
0,06348435,0,2253729,0,06293818,b
0,1884387,0,2694055,0,0976889,b
0,2574902,0,412344,-0,8738828,r
0,4301049,0,4549441,-0,2290853,g
-0,04760928,0,1937186,-0,9799013,r
0,1326921,0,2699058,0,1868894,b
0,1887661,-0,6016697,-0,2163456,g
0,02976465,0,254373,0,07441026,b
0,111361,0,02871832,0,1495398,b
-0,08408184,-0,5943897,-0,7997694,r
0,2098321,0,1981159,0,1170776,b
0,6307474,-0,2118576,0,04145425,g
0,1636384,0,1378611,0,1858111,b
0,06872899,0,08403818,0,1742666,b
0,09998775,0,3515961,-0,9307968,r
0,1300923,0,2077872,0,006373481,b
0,2435752,0,6198147,-0,03074647,g
0,03225257,0,009386173,0,1006666,b
0,6474983,0,5022748,-0,5731196,r
0,5425038,0,3108198,-0,2313549,g
0,07105704,0,1433435,0,1257628,b
0,1399993,0,2686405,0,1105477,b
-0,1422469,-0,598519,-0,7883785,r
0,1088105,0,1235504,0,06575226,b
0,6257011,-0,4994343,-0,5992191,r
0,3826485,0,5425279,-0,06072934,g
0,005092094,0,1966079,0,009443023,b
-0,2554635,-0,2058134,-0,9446583,r
0,1502285,-0,003566967,-0,6495099,g
0,1754507,0,03385546,0,001759132,b
0,09502929,0,02524469,0,069313,b
0,2309574,0,3100191,0,2355176,b
0,4003209,-0,3964592,-0,3563815,g
0,5853387,-0,7274687,-0,3580055,r
0,07109146,0,1007285,0,1320048,b
0,3192787,0,5852359,-0,00213612,g
0,2246305,0,02449393,0,2573459,b
0,687395,-0,2603752,-0,6780065,r
0,07009288,0,5184583,-0,4131978,g
0,006351866,0,2494614,0,009437531,b
0,2971314,0,304926,0,1793356,b
0,01199589,0,1980526,0,09590559,b
0,2403653,0,3157662,0,1743705,b
0,5261654,-0,2981415,0,2805459,g
0,1878405,0,1871364,0,1618181,b
0,1487072,0,02019338,0,1836933,b
0,5622296,0,2773646,-0,2267403,g
0,02468375,0,03767505,0,05120203,b
0,3299192,0,4799412,-0,324429,g
0,2969418,0,2199517,0,0986788,b
0,09951045,0,01400552,0,2354745,b
0,4689198,0,08835192,-0,8788107,r
-0,2734583,0,3660588,-0,8895063,r
0,09709369,0,4674997,-0,465254,g
0,1190675,0,158622,0,06526237,b
-0,3401683,0,03713162,-0,5721461,g
0,1411666,0,2779198,0,142341,b
-0,1403215,-0,07307332,-0,9874058,r
0,1559912,0,03269706,0,1579543,b
0,6133854,0,7588642,-0,2188229,r
-0,1781714,0,3232174,-0,9294006,r
0,1423006,0,6472965,-0,07212649,g
0,2706577,0,2994914,0,05144818,b
0,3076188,0,0410086,0,2791893,b
0,4029006,-0,4963204,-0,1891601,g
0,09730642,0,1152271,0,08900751,b
0,32502,-0,06137895,-0,5788256,g
0,1861586,0,05862786,0,09861499,b
-0,06987955,-0,09999181,-0,6554105,g
0,1867561,0,09600378,0,1498782,b
0,2201786,-0,473172,-0,4148181,g
0,2135196,0,01344322,0,2502184,b
0,1426585,0,1015395,0,2470857,b
0,07124062,0,2375883,0,1064692,b
0,2089177,0,07482135,0,1374981,b
0,6091177,0,2694526,-0,02855473,g
0,308513,0,2440956,0,008903733,b
0,3765817,0,5410702,-0,09936667,g
0,03806907,0,2544611,0,1738089,b
0,6109391,-0,2109912,-0,1633419,g
0,2217876,0,312531,0,07604929,b
0,09935752,0,6438057,-0,1417274,g
0,04841567,0,1330358,0,1285471,b
0,3795505,0,6764844,-0,6311183,r
0,02409858,0,3134767,0,07755551,b
-0,01253024,0,6167326,-0,2528406,g
0,2588733,0,2220679,0,005841741,b
0,1796449,-0,6417661,0,01756321,g
-0,1227848,-0,1311938,-0,9837236,r
0,1724152,0,3292485,0,1327694,b
0,9546999,0,2283595,-0,1907878,r
0,5608895,0,2974469,0,2034031,g
0,1860562,0,02806624,0,034193,b
0,2804475,0,4454692,-0,4090854,g
0,2830422,0,2710624,0,08104336,b
-0,001213042,0,2181894,-0,6299495,g
0,2590561,0,1092598,0,2484473,b
-0,3025491,-0,4055566,-0,4340879,g
0,3070042,0,1176717,0,1120347,b
0,2340177,0,2135572,0,07271036,b
0,2892088,0,2007088,0,1401329,b
0,782602,0,6188066,-0,06791534,r
0,2295131,0,07737803,0,0696843,b
-0,0009318837,0,557344,-0,3658021,g
0,3084677,-0,3788793,-0,872524,r
0,2949446,-0,4148905,-0,4304857,g
0,2279409,0,2002515,0,2237849,b
0,9888963,0,1458747,0,0283685,r
0,05613762,0,09262541,0,01790674,b
0,2761927,0,228704,0,2509184,b
0,7188528,0,158276,-0,6769043,r
0,5523182,-0,2890237,0,2363354,g
0,0698351,0,2135285,0,0894025,b
0,1422807,0,1888872,0,1754356,b
0,1272937,-0,5377858,-0,3728636,g
0,1760863,0,2522438,0,01636532,b
0,01199483,0,2256084,0,08971024,b
0,5397016,0,1480319,-0,3622888,g
0,1918069,-0,4327334,-0,469464,g
0,1485052,0,240562,0,1233717,b
0,2211669,0,566313,-0,273531,g
0,2266743,0,2901147,0,2441517,b
0,239406,0,2148654,0,040138,b
0,05106689,0,2790725,0,1076558,b
0,1508667,0,03695846,0,0892682,b
0,04109117,0,2171584,0,1386932,b
-0,2354186,0,395928,-0,4819372,g
0,06796848,0,1714795,0,002310252,b
0,2194988,0,3229372,0,1847092,b
0,1944849,0,4485472,-0,8723422,r
0,6453524,0,07002745,0,1518581,g
0,2550794,0,2961266,0,1888361,b
-0,1219454,-0,5691153,-0,8131649,r
0,01552634,0,2809817,0,05787534,b
0,1645947,0,1358854,-0,6315759,g
0,2617394,0,1571048,0,2714168,b
-0,1647475,0,3499035,-0,5430195,g
0,1491011,0,08787613,0,1741642,b
0,5799267,0,09230959,-0,315608,g
0,03324334,0,2005547,0,1214683,b
0,9682977,-0,2025211,0,1462357,r
0,5537025,0,3530707,-0,1148869,g
0,1500835,0,1131964,0,1876421,b
0,01568142,0,6178352,-0,2499564,g
0,2134825,0,03396731,0,05303038,b
0,07549718,0,6120821,-0,2531801,g
0,08164466,0,1897938,0,008047946,b
0,4139126,-0,2475543,-0,8760098,r
0,3892104,-0,2906485,-0,4565996,g
0,06218021,0,3007137,0,1159794,b
0,9794825,0,008565532,-0,2013473,r
-0,4491886,-0,2113343,-0,4449852,g
0,239014,0,2427009,0,005280575,b
0,2232179,0,04604584,0,1170465,b
0,6148959,-0,07974841,-0,2449239,g
0,6439585,0,3187395,-0,6955017,r
0,2459178,-0,6171268,-0,05588759,g
0,1686859,0,09267589,0,1020536,b
0,08237814,0,2390206,0,1047933,b
-0,2893485,-0,494372,-0,3410546,g
0,2091687,0,3016154,0,1080767,b
0,3228379,0,1534777,0,04885705,b
0,2031032,0,2043238,0,06891563,b
0,5580352,0,3462673,-0,1146306,g
0,2855135,0,2315112,0,1426205,b
0,3127246,0,2395092,0,1392171,b
0,1110823,-0,1164192,-0,6469557,g
0,04688994,0,09490714,0,04418815,b
0,01057767,0,2958258,0,07227343,b
0,5475013,0,8027176,-0,236404,r
0,2399308,0,09179937,0,1737722,b
0,6607656,-0,02799976,0,0839598,g
0,2526827,0,2030426,0,1491854,b
0,2640805,0,05795778,0,0159087,b
0,649914,-0,1269481,-0,07707395,g
0,04551613,0,2790838,0,1323635,b
0,1096852,0,2914449,0,005721872,b
0,325915,0,2466103,0,1613296,b
0,1098643,0,1976282,0,1770271,b
0,2951822,0,1886687,0,100455,b
0,9838674,-0,03099727,0,1761932,r
0,33085,0,2200687,0,1823727,b
-0,4009116,-0,1022861,-0,522735,g
0,1345735,0,2460559,0,1164349,b
0,1859779,0,04749815,0,1457258,b
-0,1720494,0,6311987,-0,7562984,r
0,2050147,0,1809969,0,1122225,b
0,2275224,0,04053703,0,06036311,b
0,5314254,0,821527,-0,2065925,r
-0,2338897,-0,4766635,-0,4031526,g
0,1143454,0,2471587,0,02871032,b
0,6087607,0,01617276,-0,271281,g
0,1703289,0,3200376,0,133999,b
0,6245466,0,2111275,-0,09905089,g
0,1203443,0,02292559,0,142796,b
0,1951022,-0,154509,-0,6184711,g
0,4030204,-0,8618894,-0,307768,r
0,2576874,0,1926015,0,1265624,b
-0,2677521,-0,2521806,-0,55602,g
0,875249,0,4691226,-0,117742,r
0,9864538,0,1423461,0,0815257,r
0,332689,0,06916363,0,1881924,b
0,3162315,0,2212178,-0,5436035,g
0,09775585,0,009013884,0,1378286,b
0,677928,-0,7325029,-0,06207464,r
0,07384376,0,3098769,0,05209226,b
0,9605139,0,2774501,-0,02084448,r
0,2390018,0,1722797,0,08458792,b
0,1581627,0,04449876,0,2364365,b
0,3123113,0,115194,0,1255453,b
0,3876121,0,5289991,-0,1198381,g
0,07747035,0,1967192,0,1712951,b
0,9552652,-0,2944963,0,02720801,r
0,07413889,-0,6023837,-0,7947561,r
0,2251531,0,08121248,0,2201295,b
0,2535803,0,2890665,-0,923113,r
0,3632801,0,05429761,-0,5563486,g
0,1988838,0,04011931,0,03161687,b
0,630259,0,7279708,-0,2698741,r
0,03905884,0,06713405,0,1764657,b
0,1966873,0,1043775,0,01017573,b
0,1457999,0,211738,0,2221273,b
0,4623641,0,3967519,-0,7929738,r
0,2384153,0,5454955,-0,3000622,g
0,08964919,0,03350794,0,1746827,b
0,3893674,0,5401003,0,03360205,g
0,1030993,0,05939161,0,2203796,b
0,2118714,0,07505184,0,1752593,b
0,1074066,-0,7526698,-0,6495783,r
0,04500622,0,2865098,0,1356158,b
0,002652547,0,2886526,0,02996544,b
0,645978,0,05167847,0,1564805,g
0,02269957,0,1814813,0,1696743,b
0,2296148,0,1049244,0,02059059,b
-0,134086,0,5770883,-0,3056706,g
0,6011885,-0,2142019,-0,1927026,g
0,193732,0,2338848,0,1658698,b
0,3979228,-0,3590978,-0,3964223,g
0,2649104,0,04303348,0,1983393,b
0,1655329,0,6645905,-0,7286415,r
0,3086569,0,01553004,0,05294471,b
0,405082,0,08574033,-0,9102511,r
0,3125053,0,32544,0,1023782,b
0,252857,0,7940729,-0,5527311,r
-0,2294268,-0,1382347,-0,6104907,g
-0,1174135,-0,5836449,-0,8034753,r
0,2758742,0,2823362,0,24224,b
0,3121308,0,1428567,0,07371486,b
-0,04715249,-0,7887872,-0,6128552,r
0,3627613,-0,5411289,-0,1415209,g
0,3582574,-0,06161552,-0,9315875,r
0,5411703,0,3776609,-0,09461183,g
0,7678891,-0,2984599,-0,5668052,r
0,3175589,0,0588106,0,009057489,b
0,3561244,-0,5630963,0,02328985,g
0,1110127,0,005981706,0,2525351,b
0,8527258,-0,03110267,-0,521432,r
0,01503115,0,3574799,-0,5625181,g
0,02921997,0,01607095,0,174773,b
0,2756334,0,09227153,0,1156175,b
0,2505621,0,3032877,0,0584463,b
0,3698944,0,4970374,-0,7849407,r
-0,4471015,0,05099734,-0,491878,g
0,07081065,0,1494777,0,1879336,b
-0,001525472,0,7089427,-0,7052644,r
-0,2786733,-0,5157351,-0,3174947,g
0,3325571,0,257307,0,2004976,b
0,0677591,0,8434149,-0,5329728,r
-0,0562494,0,03857078,-0,6631687,g
0,1238021,0,2505192,0,002735991,b
0,798103,0,2120859,-0,5639603,r
-0,351707,-0,2317868,-0,5167413,g
0,3182609,0,01694486,0,2223124,b
-0,08363032,0,6301423,-0,2009256,g
0,2169458,0,04569389,0,1263229,b
0,9917513,-0,1261212,-0,02286573,r
0,2058304,0,2662862,0,2045735,b
0,1880149,0,03431597,0,274267,b
0,1585171,0,1707377,0,0117877,b
0,3191703,-0,07152265,-0,5809125,g
0,2423724,0,1895456,0,228302,b
0,1207682,0,167244,0,2074715,b
0,3546728,0,480741,-0,2958713,g
0,02119285,0,2838141,0,1006632,b
0,6559874,-0,07447589,0,0926194,g
0,1638905,0,2488969,0,2019072,b
0,9314989,-0,3042634,-0,1993329,r
0,1469132,0,1185089,0,2342158,b
0,09270243,0,1532163,0,181152,b
0,2354397,0,01493951,0,1942039,b
0,237702,0,08984772,0,09455474,b
-0,2837598,0,3379934,-0,4996852,g
0,2196549,0,03541708,0,1728798,b
0,1600567,0,2313675,0,1332268,b
-0,4552084,0,160301,-0,8758361,r
0,7125318,-0,6605706,-0,2365268,r
0,1254707,0,1435384,0,2126947,b
0,5267116,0,344639,-0,2196434,g
0,3234574,0,05389136,0,03732435,b
0,9783921,0,1057409,0,1776734,r
0,1309534,0,204765,0,02017562,b
-0,3662795,-0,2752439,-0,4842774,g
0,6592967,0,5713899,-0,4887141,r
0,205035,0,02847826,0,2538116,b
-0,05293955,-0,09239166,-0,9943144,r
0,08965027,0,1060554,0,1957856,b
0,1551717,0,2273358,0,1480081,b
0,9096402,-0,3968652,0,1226898,r
0,308457,0,3312558,0,1693299,b
0,3019578,-0,4906482,-0,3354554,g
0,05038493,0,0189732,0,1914663,b
0,9072266,0,1090514,-0,4062606,r
0,1511657,0,06213012,0,2442109,b
0,3019179,-0,06590253,-0,5907173,g
0,3103014,0,08374144,0,1764055,b
0,3921121,-0,5077397,-0,1813641,g
0,3154852,0,06877036,0,1860566,b
0,1178548,0,2910473,0,08343101,b
0,007543649,0,2534024,0,1445791,b
0,4661552,-0,2587793,-0,8460098,r
0,07741132,0,1403447,0,1797868,b
0,281945,0,2642272,0,08681221,b
-0,06609083,-0,3794254,-0,5441625,g
0,3029776,0,1686264,0,1547172,b
0,5614012,-0,006014629,-0,3594954,g
0,1538802,0,02806609,0,2434871,b
0,3266597,0,231705,0,09918473,b
0,8343228,-0,5448903,-0,08366704,r
0,846488,-0,2352218,-0,4776283,r
0,0670902,0,5171778,-0,4152956,g
-0,2192451,-0,3812468,-0,5010259,g
0,1543793,0,04018592,0,008904555,b
0,6406589,0,1661277,0,08001406,g
0,06539638,0,03552355,0,06118196,b
0,7061957,-0,3706872,-0,6032236,r
0,1614171,0,2400129,-0,600652,g
0,2634948,0,1301431,0,1435381,b
0,3783661,-0,6741247,-0,6343462,r
0,178687,0,1214845,0,2516944,b
0,425907,-0,5115011,0,0376073,g
0,04410983,0,09237427,0,1416561,b
0,2597871,0,4110855,-0,4560305,g
0,08847416,0,1068211,0,006271004,b
0,1440049,0,1750412,0,1537879,b
-0,1109054,0,05193937,-0,6553218,g
0,3076386,0,2322972,0,1522727,b
0,2809662,0,1272906,0,02330781,b
0,2932453,0,05733865,0,2235339,b
0,5317506,-0,3904563,0,09607091,g
0,2717625,0,2980486,0,2208916,b
0,212221,-0,08500219,-0,6262438,g
0,3109084,0,1309642,0,06247681,b
0,3001426,0,9012035,-0,3126446,r
0,4956127,0,1979119,-0,3995539,g
0,1784794,0,3287476,0,1638889,b
-0,1780651,0,272696,-0,5816994,g
0,3199028,0,2913459,0,1985321,b
0,6110284,0,101243,-0,2466547,g
0,2878856,0,05023544,0,2016058,b
0,1686977,0,1691197,0,1877061,b
0,1192227,0,06254194,0,03744993,b
-0,2165755,0,5567699,-0,2958831,g
0,185699,0,2125875,0,1380447,b
-0,3780249,-0,02241447,-0,9255241,r
0,5564998,0,3587579,-0,07775068,g
0,08218054,0,1183722,0,1813652,b
0,07557071,0,3327999,0,145063,b
0,3474144,-0,3919562,-0,4124536,g
0,06240714,0,3324384,0,1561814,b
0,17662,0,1534942,-0,6242511,g
0,3311608,0,0456445,0,1325696,b
0,6300127,-0,1913989,0,1043785,g
0,07196108,0,1329563,0,1730468,b
0,1899059,0,09561737,-0,6318524,g
0,2830267,0,1718999,0,03643351,b
0,0736509,-0,2551119,-0,6115046,g
0,3195247,0,2366887,0,08462271,b
-0,1477481,0,3333944,-0,9311383,r
0,4653213,-0,3833826,-0,2844967,g
0,04096899,0,1027813,0,1660622,b
0,5789952,-0,3270301,-0,04754277,g
0,3015347,0,1953171,0,0937062,b
0,01673688,0,1771371,-0,6424848,g
0,3994042,-0,01342765,-0,5336108,g
0,144366,0,2225463,0,235354,b
0,4965474,-0,4443898,-0,0200711,g
0,07824715,0,2864076,0,1670998,b
-0,170986,-0,2310114,-0,601533,g
0,3149947,0,06724346,0,01233606,b
0,1901641,0,2905951,-0,5690663,g
0,02336917,0,1447028,0,1747061,b
0,2357846,-0,5145147,-0,8244272,r
-0,1583149,-0,3874555,-0,5189018,g
0,004065884,0,04403422,0,06564324,b
0,5574633,-0,36361,-0,03829939,g
0,3091169,0,154734,0,0632387,b
-0,01846575,0,7594267,-0,6503307,r
-0,2894732,-0,4686992,-0,3754608,g
0,2818015,0,2666403,0,01018736,b
0,4863301,0,3313962,-0,3132156,g
0,0128358,0,05573532,0,06454621,b
0,6504078,-0,1380051,-0,04866942,g
0,07355249,0,178608,0,1278233,b
0,2984504,0,2299121,0,1121677,b
0,3166735,0,1031589,0,1138765,b
0,1817592,0,3112401,0,1164446,b
0,21027,0,3169677,0,08120247,b
0,3096967,0,2409293,0,03845606,b
0,1907004,0,3292925,0,1422458,b
0,2179744,0,1428636,0,06212023,b
0,7874478,0,02274796,-0,6159614,r
0,1012503,0,1303519,0,003398962,b
0,6742657,0,4668346,-0,572216,r
0,3149584,0,03027399,0,00627625,b
0,09006591,-0,6920453,-0,7162133,r
0,188225,0,176384,0,1967309,b
0,9727068,-0,2320116,-0,003476757,r
0,05034576,0,1701705,0,1778454,b
0,08394392,0,3074071,0,0136358,b
0,3560103,0,8383194,-0,4128891,r
0,04071754,0,1880558,0,1884183,b
0,2548793,0,2093196,0,04342494,b
-0,02336312,-0,007263371,-0,6662176,g
0,195579,0,2848738,0,1655257,b
0,2435734,-0,5160874,-0,3446305,g
0,144533,0,02340066,0,1406269,b
0,5226042,0,6845438,-0,5082172,r
0,6313478,0,06005802,-0,2055174,g
0,157908,0,0831271,0,1062233,b
0,1531051,0,2208238,0,2281833,b
0,5285955,0,3773553,-0,1504466,g
0,2109845,0,3167875,0,2301618,b
0,5657582,0,3424935,0,08402567,g
0,2267635,0,2606923,0,1048712,b
0,2066415,0,07737859,0,2159669,b
-0,101636,-0,1488264,-0,9836264,r
0,2188127,0,1657294,0,09631425,b
0,1756074,0,205658,0,1406696,b
-0,0829,-0,5362077,-0,3873672,g
-0,09584295,0,2256484,-0,6199527,g
0,2483486,0,03212689,0,1245823,b
0,09217666,0,6198246,-0,22752,g
0,1255978,0,05821857,0,05151292,b
0,02507865,0,2902831,0,070791,b
-0,1123343,0,1013986,-0,9884834,r
0,0364265,0,1046641,0,1295591,b
0,3241612,0,5820591,0,02389988,g
0,1526937,0,3092198,0,01052712,b
0,4914559,-0,4385975,-0,1027024,g
0,07866433,0,09235001,0,01307985,b
0,6011763,0,05809212,-0,7970021,r
0,1877616,0,1603513,0,06749354,b
0,1984161,0,03344133,0,2064589,b
0,3038006,0,1812965,0,117966,b
0,1181982,0,2275916,0,2270896,b
0,6754046,-0,3451046,-0,6517143,r
0,1330336,0,4706037,-0,4530769,g
0,09786617,0,04583685,0,07153939,b
0,3318859,0,1456492,0,1516881,b
0,6449718,-0,7191239,-0,2585966,r
0,5480708,0,8119568,-0,2008597,r
0,2465114,0,09006218,0,04468806,b
0,2113023,0,226003,0,03575287,b
0,1116865,0,1906848,0,09697948,b
0,2456207,0,3214664,0,009079964,b
0,4378325,0,1390959,-0,4831144,g
0,3161234,0,1302659,0,2016756,b
0,648079,-0,1508636,0,04096511,g
0,2342048,0,03801343,0,19731,b
0,1488624,0,1135233,0,04322372,b
-0,2367921,-0,3643606,-0,5055841,g
0,2148349,0,119302,0,1468105,b
-0,3220563,0,1492533,-0,5643116,g
0,1364741,0,1823208,0,1520056,b
0,9401608,-0,1133664,-0,321319,r
0,340409,-0,2751994,-0,5028235,g
0,124779,0,3192384,0,0541792,b
0,304538,0,2377652,0,1842044,b
-0,007026073,-0,06034116,-0,6638931,g
0,1206069,0,2908321,0,05639321,b
0,5812004,0,1247615,-0,3018032,g
0,1113228,0,0978817,0,09114119,b
0,1141188,0,1619705,0,05682368,b
0,03124569,0,8336762,-0,551369,r
0,1190324,0,1152468,0,1155875,b
0,1441449,0,2331215,0,04896538,b
0,09383195,0,1155697,0,1434535,b
0,5486307,-0,2553474,0,2797258,g
0,3030173,0,07667872,0,09625761,b
0,1432176,0,2483923,0,04633709,b
0,2509414,0,06592575,0,2664019,b
0,1669113,0,6443008,-0,03822982,g
0,08447497,0,08151703,0,1568441,b
0,05455826,-0,1425803,-0,648952,g
0,08628865,0,2609472,0,07261525,b
0,4187198,-0,5095444,-0,09737921,g
0,2371397,0,1886749,0,2113291,b
0,5790786,0,006397824,-0,3302597,g
0,2911288,0,2331923,0,2072312,b
-0,01129648,0,1935941,-0,6378387,g
0,3013231,0,2097033,0,123418,b
0,01971966,0,1029385,0,09043267,b
0,6410996,0,1636873,0,08149999,g
0,2002481,0,322304,0,1050031,b
0,6494496,-0,07261103,-0,1318608,g
0,6621889,0,3376178,-0,6689694,r
0,1312293,-0,0318886,-0,990839,r
0,2698693,0,257635,0,2486053,b
0,4432295,0,1884342,-0,876379,r
-0,3269961,0,2821748,-0,507834,g
-0,2147393,0,3603178,-0,9077765,r
0,328452,0,2537174,0,05808996,b
0,008829047,0,3316313,-0,9433677,r
0,1406695,0,2475828,0,2228653,b
0,220011,0,2824909,0,2309676,b
0,5288877,-0,721733,-0,4465191,r
0,005217395,0,0758882,0,1777236,b
0,6327403,0,7430225,-0,2180763,r
0,1748646,0,1187819,0,161884,b
0,3015076,0,1163989,0,1692565,b
0,140907,0,2436382,0,1675392,b
0,5879541,-0,3000513,0,09340045,g
0,1963303,0,1880432,0,09317733,b
0,8680442,-0,4934509,0,05482208,r
-0,2295433,0,09397046,-0,6188084,g
0,2839879,0,08201076,0,08794519,b
-0,400847,-0,2858312,-0,4495182,g
0,2285402,0,2339685,0,1113213,b
0,5479056,0,700136,-0,4578308,r
0,3126996,0,2738152,0,01479634,b
0,2786734,-0,5996944,-0,08457044,g
0,2411531,0,1921545,0,2216622,b
0,01264155,0,2809794,0,02539525,b
0,4342096,0,4250399,-0,274313,g
0,2213343,0,1635245,0,06852775,b
0,4251808,0,7863566,-0,4481791,r
0,360182,0,05340318,-0,5584456,g
0,2491665,0,01570773,0,03080371,b
-0,0690272,0,3872059,-0,5382855,g
0,1667303,0,1717048,0,2193061,b
0,007944205,0,1998784,-0,6359481,g
0,3082554,0,08026638,0,3077232,b
-0,07513505,0,6184857,-0,2372228,g
0,6227539,-0,2198894,-0,09094308,g
0,2974166,0,141757,0,1338415,b
0,3506613,0,5530228,-0,1250876,g
0,2634032,0,1152935,0,01205688,b
0,153163,0,05843344,0,01521152,b
0,1880863,0,1683578,0,1594524,b
0,171389,0,09752726,0,2329581,b
0,4313841,-0,8410017,-0,326533,r
0,2312869,0,1713715,0,2224697,b
-0,1483678,-0,484515,-0,4332167,g
0,2433639,0,3276636,0,1122966,b
0,2835118,-0,2651378,-0,5420032,g
0,1068675,0,1206108,0,1927844,b
0,649954,-0,1302302,-0,7487322,r
-0,1746918,-0,1515644,-0,6252643,g
-0,06831466,-0,5019917,-0,4333381,g
0,1496545,0,1051042,0,05525126,b
0,276278,0,1084593,0,1308961,b
0,3251897,0,1936299,0,2701744,b
0,2538254,0,5497261,-0,7958479,r
0,0939513,0,2960449,-0,5898941,g
0,3132102,0,0520262,0,06127769,b
0,9794412,0,04053947,0,1976147,r
0,1419077,0,1701369,0,1869105,b
0,6461389,-0,7532008,-0,1232602,r
0,07894332,-0,3445552,-0,5652381,g
0,1248859,0,2929827,0,1460302,b
0,6584895,0,282609,-0,6975125,r
0,8181173,0,4955208,-0,2917931,r
-0,1940834,-0,03585449,-0,6367814,g
0,1648286,0,04059558,0,2693392,b
0,8555595,0,2755587,-0,4382754,r
0,07418167,0,2115026,0,1770606,b
0,2070138,0,1926612,0,1285694,b
0,1692558,0,1849913,0,2339862,b
0,198375,0,2311007,0,1751726,b
-0,1431649,0,5308967,-0,3769575,g
0,3321263,0,01152445,0,1173821,b
0,02968299,0,09408887,0,04487461,b
0,05692977,0,05870386,0,2153293,b
0,7886363,-0,4494177,-0,4196147,r
-0,3998832,-0,2285838,-0,481962,g
0,3216625,0,1342003,0,007097735,b
0,5168656,-0,3575956,0,2223056,g
0,2326481,0,07840818,0,1222895,b
0,0298497,0,1164127,0,07903667,b
0,8792425,-0,3103373,-0,3614187,r
0,2252435,0,2386422,0,1861923,b
-0,1856913,0,2727452,-0,9439962,r
0,1423488,0,2746625,-0,5905436,g
0,07813143,0,06216823,0,1854982,b
0,193558,0,1317775,0,253096,b
0,09784954,0,3265235,0,0573551,b
0,300629,-0,1227448,-0,5822374,g
0,1978418,0,2627641,0,04078213,b
-0,2985911,0,2716616,-0,9149007,r
0,1444871,0,6033784,-0,2439313,g
0,2300404,0,1817693,0,1583013,b
0,2535346,0,006917223,0,2563816,b
0,1488353,0,2637917,0,1435568,b
0,6496154,-0,06856023,0,1332058,g
0,3203804,0,08686979,0,1436125,b
0,1917016,0,2386708,0,08614385,b
0,6461406,-0,1960769,-0,7376017,r
0,02567337,0,03238017,0,07600386,b
0,6262616,0,2270091,-0,02660313,g
0,9158078,0,2931795,-0,2744847,r
0,3024078,0,5903302,0,06711271,g
0,1020361,0,145215,0,1363324,b
0,1364229,0,6415982,-0,1191008,g
0,0173511,0,1095713,0,007497528,b
0,1459283,0,0746692,0,001951087,b
0,6189128,-0,1640613,-0,1856752,g
0,8856249,-0,4514085,-0,1090819,r
0,4782319,-0,1486804,-0,4400373,g
0,1820701,0,1496941,0,04020995,b
0,5300069,0,3179323,-0,7861372,r
0,03313432,0,1702275,0,08510539,b
0,4866043,0,8140143,-0,3171702,r
0,4384933,-0,1813345,-0,4682797,g
0,3328154,0,04785271,0,006749274,b
0,6627516,0,6444016,-0,3814538,r
0,09565929,0,01840056,0,1613449,b
0,6168019,0,2392412,-0,08224069,g
0,4329907,-0,4743877,-0,1786611,g
0,1079377,0,05094792,0,07927988,b
0,207965,-0,1486355,-0,615713,g
0,006320748,0,1120367,0,07682792,b
0,3030536,0,04661532,0,3044478,b
0,1758057,-0,7853501,-0,5935635,r
0,2964708,0,02607022,0,12609,b
0,09419952,0,0643173,0,06708176,b
-0,2566234,-0,07344985,-0,6108961,g
0,273211,0,1515873,0,2751305,b
0,4260566,-0,0410342,-0,9037654,r
0,5941852,0,2822368,0,1083089,g
0,2571912,0,177478,0,1317521,b
0,4455254,0,5592994,-0,6990646,r
-0,1797955,-0,4245386,-0,4815444,g
0,2164415,0,1428467,0,00329198,b
0,6563498,0,1102829,-0,03856316,g
0,3305589,0,2184714,0,01260517,b
-0,1420211,-0,4677003,-0,4533551,g
0,1254617,0,01533329,0,1098091,b
0,6022635,0,7818224,-0,1613455,r
0,2921693,0,04968967,0,02314951,b
0,7264996,0,4988018,-0,4726469,r
0,2957428,0,08799678,0,2945888,b
0,1172975,-0,01955213,-0,9929043,r
0,6661254,-0,01452518,0,02259159,g
0,9016663,0,4071464,0,1457043,r
0,1781287,0,63794,-0,07580988,g
0,241064,0,01649317,0,1633332,b
-0,02801879,0,275075,-0,9610144,r
0,01664835,-0,6572564,-0,1103687,g
0,03294844,0,2741772,0,04240385,b
0,1374708,0,0595912,-0,6496115,g
0,1237844,0,05057031,0,2187249,b
0,5886685,0,2821587,-0,1352785,g
0,9165414,-0,3980622,0,03870875,r
0,2762226,0,148513,0,110642,b
0,3916034,-0,6323403,-0,6684254,r
0,1255248,0,2709234,0,0525801,b
0,3371817,0,53619,-0,7738274,r
0,5057719,0,4342693,-0,007029796,g
0,2817621,0,1839785,0,2239767,b
0,5661982,-0,2217794,0,2732727,g
0,2284324,0,3324801,0,1339479,b
0,270442,0,2162518,0,1532913,b
-0,4396625,0,2085996,-0,4556616,g
0,3191324,0,3052898,0,1732275,b
0,3433696,0,01557548,-0,9390712,r
-0,1070412,-0,465471,-0,4651057,g
0,3617445,-0,2731997,-0,4888223,g
0,14538,0,05054624,0,008018179,b
0,0902646,0,05337918,0,1753608,b
0,9387468,-0,2178384,-0,2670223,r
0,3327988,0,1094347,0,2208111,b
0,819415,-0,03700558,-0,572005,r
0,4680536,0,1602203,-0,4468777,g
0,1761042,0,03075176,0,1242916,b
0,009223635,0,2794068,0,1087006,b
-0,2567274,0,4730628,-0,8427945,r
0,2631791,0,3362244,-0,5119905,g
0,1643324,0,2827081,0,01240879,b
-0,4274807,-0,0215964,-0,9037665,r
0,2167029,0,01665018,0,04159914,b
0,2380164,-0,6142262,-0,1025612,g
0,2834764,0,09596524,0,01305216,b
0,5486559,0,2681272,-0,2674491,g
0,2143974,0,2043079,0,07591032,b
0,2482644,0,08678208,0,2508515,b
0,06088867,-0,1047825,-0,655559,g
0,1884207,0,07958254,0,009825132,b
0,05570402,0,05000798,0,216627,b
0,6371142,-0,452301,-0,6241068,r
0,1438475,0,02564826,0,1218941,b
-0,3628586,-0,34673,-0,4388124,g
0,6451484,-0,7344868,-0,2105059,r
0,235799,0,05557571,0,08295804,b
0,9601273,0,04373644,-0,2761208,r
0,1307451,0,209583,0,1960519,b
0,3081525,0,316726,-0,8970656,r
0,2502263,0,2656556,0,2434596,b
0,918601,-0,143981,-0,368024,r
0,2008348,0,01957338,0,07478551,b
0,989765,0,09471869,0,1067405,r
0,2168262,0,142729,0,1637967,b
0,4687069,-0,4224196,-0,7758064,r
0,3201392,0,3063894,0,161611,b
-0,1889732,0,001349641,-0,6393213,g
0,1690319,0,04259672,0,2291199,b
0,1421483,0,5952507,-0,2644143,g
0,4653989,-0,1879321,-0,8649193,r
0,1384955,0,2826056,0,05984062,b
0,2754147,0,1887043,0,016793,b
-0,2355857,-0,4571209,-0,4242456,g
0,2773953,0,09124678,0,2309698,b
0,7245456,-0,4699271,-0,5041846,r
0,6139233,0,1924085,0,1747044,g
0,1907057,0,1234508,0,174678,b
0,3999241,0,03325798,-0,9159446,r
0,1152253,0,03668515,0,127431,b
-0,2743136,0,2076007,-0,9389643,r
-0,1906586,0,124384,-0,6265959,g
0,04316509,0,06376544,0,117251,b
0,5076096,0,4277104,-0,06197387,g
0,2831287,0,246268,0,246034,b
0,6812439,0,5419368,-0,4921496,r
0,3235073,0,1476861,0,272418,b
0,9812953,-0,1763792,-0,0771352,r
0,06658847,0,2476269,0,11587,b
0,07870725,0,08105724,0,1388082,b
0,1868033,0,2451047,0,1645778,b
0,1558188,0,1246193,0,04365961,b
0,1770322,0,03710216,0,1661614,b
0,5065715,-0,7657807,-0,3961884,r
0,3218805,-0,3625645,-0,4575853,g
0,2554193,0,2837886,0,1571662,b
0,3038848,0,01964692,0,2005111,b
0,2691838,0,07773861,0,1101196,b
0,3073549,0,04105192,0,242767,b
0,7028489,0,7085993,-0,06237319,r
0,5159572,-0,2353185,-0,3505109,g
0,09590187,0,1816513,0,223884,b
-0,09826294,0,2294899,-0,9683381,r
0,4816981,0,7945526,-0,3696662,r
0,09381169,0,1598679,0,01915729,b
0,7743251,0,3234461,-0,543878,r
0,2401636,0,02367928,0,02571687,b
0,2687841,0,2518796,0,2603131,b
0,08070289,0,2354722,0,1221677,b
0,8163287,-0,2138089,-0,5365568,r
-0,0859981,0,4881025,-0,4458753,g
0,1047726,-0,4950829,-0,8625054,r
0,2482048,0,1365885,0,119994,b
0,09427871,0,2858073,0,07910831,b
0,8095187,0,579394,-0,09477377,r
-0,2716319,-0,2299187,-0,5637357,g
0,0570735,0,2442186,0,1231417,b
0,4525186,0,7029559,-0,5487075,r
0,1112527,0,04724929,0,1645855,b
-0,14579,-0,0438769,-0,6490489,g
0,1177167,0,189644,0,07254896,b
0,2319176,0,7590663,-0,608303,r
0,3788058,0,5075729,-0,2081356,g
0,02054153,0,03683212,0,004271361,b
0,3565274,0,7849463,-0,5067027,r
0,438079,0,495488,0,08380283,g
0,2876479,0,080444,0,242687,b
0,1067903,0,3027087,0,1129753,b
0,3049327,0,09272818,0,09138046,b
0,2219629,0,3269089,0,1997384,b
0,6355721,0,1201969,0,1613852,g
0,2316242,0,199665,0,1071914,b
0,918408,0,2389084,-0,315356,r
-0,1219857,0,1498089,-0,6380605,g
0,124988,0,04848963,0,0790902,b
0,5975505,0,04178795,0,2926289,g
0,2213255,0,07364784,0,2035101,b
0,5854695,0,007312005,0,3187732,g
0,01352044,0,06549389,0,01752629,b
-0,1396281,0,1818664,-0,6259977,g
0,2505169,0,1826479,0,03997698,b
0,2241546,0,2877037,0,03574675,b
-0,1425119,0,02122493,-0,6509104,g
0,2259041,0,05812065,0,1942381,b
-0,2885927,0,06932304,-0,5969531,g
0,06492003,0,313579,-0,5847205,g
0,2507284,0,2649531,0,0745362,b
0,4900006,-0,3147816,-0,8129034,r
0,2951864,0,3434639,-0,4892259,g
0,3805966,-0,7232803,-0,5762047,r
0,2026381,0,20191,0,25461,b
0,3230457,0,02593196,0,1992129,b
0,1177394,0,2607189,0,1848763,b
0,5724264,-0,2607677,-0,2208454,g
0,007953594,0,08817978,0,06522169,b
0,2335976,0,1039571,0,04975024,b
0,3415654,0,5802925,-0,7393197,r
0,3153685,0,08156735,0,1692489,b
0,1791075,0,05392745,0,2541097,b
-0,3443658,-0,2782831,-0,4984126,g
0,2745591,0,2154578,0,08558258,b
0,9457931,-0,1799969,-0,2703267,r
0,2479916,0,4947149,-0,3717549,g
0,2527394,0,3149446,0,007159133,b
0,311909,0,1698243,0,1697836,b
0,05648246,0,222076,0,07544942,b
0,2745731,0,2076506,0,1755471,b
0,1965018,0,1323858,0,07937086,b
0,471443,0,4713372,-0,005218532,g
0,1328084,0,01004629,0,01909459,b
0,289642,0,2701378,0,06598268,b
0,6592708,-0,464043,-0,5916301,r
0,6454605,0,1624919,0,03770458,g
0,224453,0,202915,0,01529827,b
0,5954531,-0,3396507,-0,7280611,r
0,3965873,0,1810381,-0,5043691,g
0,2466589,0,1547222,0,1877735,b
0,58502,-0,07093398,0,3117121,g
0,08598666,0,1624244,0,1736735,b
0,279941,0,1223413,0,2947727,b
0,3766524,-0,5491674,0,03150478,g
0,3097638,0,1217204,0,2579376,b
0,8829869,0,0302612,-0,4684212,r
0,6571982,0,06782366,0,08907825,g
0,3142717,0,1406721,0,3041992,b
0,01930566,-0,5905097,-0,3088204,g
0,1235644,0,05129018,0,02575453,b
0,1015209,0,3302654,-0,9384127,r
-0,253229,0,334754,-0,5179375,g
0,2352545,0,1948997,0,04985458,b
0,2014768,0,2233121,0,04306678,b
0,131803,0,1167034,0,1497293,b
0,9888501,-0,1371131,0,05809818,r
-0,3846953,-0,2689571,-0,473409,g
0,008506302,0,2531494,0,04792549,b
0,2698342,0,2629453,0,06322418,b
0,1807152,-0,1230041,-0,6298067,g
0,1433358,0,1248682,0,1654226,b
0,230845,0,1366766,0,1108615,b
0,3058203,0,04640374,0,06392986,b
0,6385927,0,7415598,-0,2056414,r
0,02061193,0,1889367,0,1059457,b
0,1227432,0,2669944,0,1278064,b
0,621096,0,03600381,0,2395578,g
0,08726793,0,175472,0,02757254,b
0,008776728,0,001779763,0,1214409,b
-0,03050918,0,5076784,-0,4310177,g
0,2443643,0,1422581,0,07670183,b
0,6335625,-0,18822,-0,7504478,r
0,2542144,0,1258795,0,03230633,b
0,3538083,-0,8618144,-0,3634496,r
0,5518799,-0,2644031,-0,264507,g
0,07786987,0,06710812,0,01769636,b
0,08058245,0,01951758,0,1674145,b
0,2805225,0,1243275,0,123012,b
0,2153906,0,03784164,0,2718254,b
0,1131685,0,1518539,0,1897416,b
0,05498274,-0,1641974,-0,6437861,g
0,1024043,0,1810992,0,0860309,b
0,2068367,-0,4243197,-0,8815733,r
0,1353779,0,1567625,0,1058467,b
0,5465007,-0,3691274,-0,09760334,g
0,7008974,-0,6734766,-0,2348874,r
0,4172321,-0,3549263,-0,3799858,g
0,08020999,0,3170067,0,02183494,b
0,2659328,0,128169,0,04493822,b
0,3276884,0,04923787,0,1021094,b
0,1135786,-0,1683515,-0,634982,g
0,7878628,-0,06041315,-0,6128803,r
0,1894647,0,3296705,0,06919797,b
0,06150084,0,2188554,0,1031129,b
-0,381573,-0,4109167,-0,8279791,r
0,2069722,0,161536,0,1649902,b
0,13497,0,1644225,0,1904482,b
0,9829301,0,1678575,-0,07531501,r
0,3057171,0,2370755,0,1847564,b
0,2227935,0,05908922,0,009043403,b
0,2984211,0,02775359,0,02590205,b
0,4753889,-0,4618602,-0,07165883,g
0,3088146,0,1789564,0,1921259,b
-0,2713054,0,522326,-0,3130709,g
0,4375921,0,3620918,-0,349066,g
0,2693688,0,1486719,0,1743367,b
0,9000888,0,1174826,-0,4195689,r
0,6111856,0,261812,-0,04848854,g
0,1735107,0,2309835,0,2108643,b
0,00109355,0,06252152,0,1179196,b
0,5497662,-0,6274575,-0,5514112,r
0,5222941,0,7443312,-0,416149,r
0,2461576,0,2548375,0,0007704337,b
0,023949,0,0149556,0,2057762,b
0,5679188,-0,6962414,-0,4389946,r
0,0978765,0,3229774,0,05793621,b
0,1803543,0,08585194,0,1939699,b
0,02901658,0,1100824,0,1050827,b
0,1312652,0,286792,0,07555987,b
0,1042031,0,02722672,0,08906376,b
-0,04262587,-0,1423295,-0,9889011,r
0,1323939,0,1535798,0,1731618,b
0,2459263,0,1259944,0,08304752,b
0,6606443,0,06108557,-0,06528511,g
0,0475533,-0,2274451,-0,9726291,r
-0,2804314,0,4905887,-0,3537306,g
0,02637574,0,1201064,0,08361475,b
0,8970737,0,4361559,-0,07089978,r
-0,1024095,0,2589051,-0,6057433,g
0,3092956,0,2360588,0,2286319,b
-0,04513451,0,2714671,-0,9613888,r
0,3124917,0,2644957,0,2440895,b
0,1886633,-0,5044069,-0,3929685,g
0,2072646,0,2383232,0,1055804,b
0,296702,0,1457149,0,03492935,b
0,8515295,0,03665056,-0,5230241,r
0,01597209,0,06411941,0,04163408,b
0,2609991,0,1121619,0,1643514,b
-0,3961094,0,1545252,-0,9051073,r
0,2528429,0,2195227,0,09211081,b
0,04059099,-0,6031187,-0,2811488,g
0,1470843,0,3122776,0,09428797,b
0,2364922,0,2796867,0,04896121,b
0,1410247,-0,4612206,-0,8760067,r
0,2890043,0,1876439,0,1295746,b
0,236645,0,06057514,0,05679398,b
0,3105394,0,1905557,0,1811938,b
0,2025882,0,1377208,0,2728973,b
-0,05337194,0,582608,-0,3196308,g
0,3013455,0,02995485,0,05634169,b
0,5351983,-0,2917116,-0,2700216,g
0,2740587,0,1169498,0,08757147,b
0,384731,0,2820711,-0,8788731,r
0,4589804,-0,4583801,-0,1538477,g
0,2426367,0,1161975,0,2527353,b
0,2879035,0,2128298,0,07425457,b
0,2057574,0,6250829,-0,1066754,g
0,4294744,-0,6155858,-0,6607616,r
0,4699782,-0,04502748,-0,4706776,g
0,1418916,0,237271,0,03976707,b
0,1239603,0,1234053,0,2080865,b
0,6239197,-0,01403455,0,2344603,g
0,1750993,0,2036221,0,2261219,b
0,0660418,0,04694709,0,1811947,b
-0,1551408,0,7489182,-0,6442459,r
0,2802917,0,1339488,0,2269155,b
0,9138147,0,4049899,-0,03042774,r
0,2625462,0,227712,0,2476652,b
0,5644467,0,3421458,0,09370507,g
0,1136279,0,1728232,0,1258504,b
0,6651685,-0,009871221,-0,04356512,g
0,1004959,0,07836916,0,1878106,b
-0,2713613,-0,08946391,-0,9583106,r
0,6441244,0,1661862,-0,04393521,g
0,2750383,0,01094839,0,2964509,b
0,2227505,0,1075598,0,2103758,b
-0,3836687,0,2233927,-0,4973314,g
0,1615261,0,178225,0,109548,b
0,2545125,0,26393,0,2078643,b
0,5575986,-0,7791517,-0,2863675,r
0,2524572,0,6032929,-0,129412,g
0,255432,0,06122202,0,0672605,b
0,6147238,-0,482051,-0,6242928,r
-0,008409174,0,5690507,-0,3472104,g
0,1767619,0,1165091,0,1576315,b
0,8490741,-0,4502808,-0,2762615,r
0,2957604,0,2065412,0,2553196,b
0,2619469,-0,2267264,-0,9380719,r
0,5217652,-0,3400868,0,237795,g
0,1548694,0,2010176,0,1883151,b
0,8978995,0,319136,-0,3031974,r
0,14506,0,4022877,-0,5114359,g
0,2749967,0,08319474,0,1372665,b
0,1805926,0,4865918,-0,8547601,r
0,2631397,-0,3716062,-0,4869402,g
0,1593114,0,330569,0,05934104,b
-0,03961428,0,4158955,-0,5195249,g
0,1188668,0,01848492,0,1629899,b
0,01743389,-0,1006828,-0,9947658,r
0,1367462,0,2927867,-0,5831131,g
0,9801331,-0,1971333,0,0218528,r
0,5247257,-0,4021997,0,08569001,g
0,03912247,0,05304566,0,2027813,b
0,2362483,0,3278266,-0,9147221,r
0,381876,0,1511956,-0,5251239,g
0,3008159,0,2124375,-0,5557199,g
0,2607261,0,6092058,0,07303844,g
0,167641,0,1503461,0,1578014,b
0,7266343,-0,6734778,-0,1357576,r
0,3072277,0,5895401,-0,04998087,g
0,2530734,0,1720443,0,2128617,b
0,9997518,0,01384265,-0,01745686,r
0,5085675,-0,4285904,-0,04597595,g
0,2263986,0,2513615,0,2518896,b
-0,2321393,0,4433846,-0,8657491,r
-0,2436978,-0,4093309,-0,4663732,g
0,07190515,0,2160242,0,2041979,b
0,1974315,0,1033897,0,07855307,b
0,4233496,0,8764337,-0,2294323,r
0,3808737,0,521886,0,1643614,g
0,1676687,0,06142775,0,03038127,b
0,01063776,-0,1644946,-0,6459666,g
0,01128675,0,05026866,0,04893677,b
0,2524768,-0,6082182,-0,1037813,g
0,2272627,0,5116012,-0,3620225,g
0,1552737,0,04903475,-0,9866537,r
0,2139663,0,175806,0,04000209,b
0,3425455,-0,03554843,-0,5708269,g
0,2653066,0,3265592,0,01674651,b
0,1841308,0,2954397,0,1371559,b
0,3163551,-0,4133741,-0,8538392,r
0,276693,-0,4065054,-0,4501542,g
0,2782403,0,218355,0,1408547,b
0,2389093,0,01472839,0,0635806,b
0,3726453,-0,02546832,-0,9276243,r
0,5024762,-0,4359992,-0,04320672,g
0,1068633,0,1510257,0,1294795,b
0,2172876,0,5720592,-0,7909073,r
0,8475714,0,3298728,-0,4157001,r
0,3017013,0,07367589,0,1917417,b
0,3212806,0,3163523,0,01351075,b
0,3018314,0,4987381,-0,3234231,g
0,3631483,-0,03635024,-0,5578946,g
0,190063,-0,327735,-0,9254544,r
0,3222958,0,2844792,0,1211108,b
0,2283828,0,28502,0,2229254,b
0,2866613,-0,2206634,-0,5599798,g
0,1797068,0,2508263,0,1231198,b
0,2454347,0,2292027,0,111156,b
0,3002941,0,2138043,0,02690561,b
-0,2957708,0,1298301,-0,583188,g
0,1414328,0,3146633,0,2040259,b
0,2540508,-0,2432143,-0,5663474,g
0,5682213,0,3214287,-0,1351021,g
0,2194601,0,1222172,0,06915523,b
-0,05721293,0,4167545,-0,9072168,r
0,2736334,0,1925223,0,1052456,b
0,05415872,0,626353,-0,2217954,g
0,1904548,0,07937507,0,2632146,b
0,2982203,0,08711333,0,09558942,b
0,2770576,0,7403262,-0,6125001,r
0,1483024,0,107192,0,04299418,b
0,2866362,-0,6126708,-0,7365284,r
0,3106659,0,01916705,0,08500826,b
0,126003,0,1798412,0,1793765,b
0,280833,0,2838925,0,07991349,b
0,2096148,0,1133568,0,178341,b
0,5424899,0,3095129,-0,7809651,r
0,001836927,0,2192863,0,1387739,b
0,2577755,-0,6124508,-0,0538537,g
0,2319298,-0,2890318,-0,5541783,g
0,1784433,0,1169889,0,1574077,b
0,5275374,0,7430844,-0,41174,r
0,1367837,0,007260926,0,145022,b
0,5726137,-0,2479901,-0,2346464,g
0,2663533,0,2093288,0,1646154,b
0,2595894,0,08910032,0,2134915,b
0,09449989,0,2716222,0,04077863,b
0,2151589,0,00439853,0,1062087,b
0,7843453,-0,4812486,-0,3914105,r
-0,06861787,0,4312315,-0,5037613,g
-0,0815512,0,2059841,-0,9751512,r
0,189426,0,1402742,-0,6236067,g
0,3029436,0,2217451,0,04751808,b
0,1713423,-0,4363655,-0,4739952,g
0,1790231,0,1336357,0,1535808,b
0,9163367,0,2322959,-0,3261376,r
0,1423352,-0,5318493,-0,3759274,g
0,3489843,0,8633719,-0,3644159,r
0,08016797,0,1035941,0,02074985,b
0,6009102,0,2476399,-0,148411,g
0,1641266,0,03744454,0,03064336,b
0,07934383,0,1589099,0,166667,b
0,8085099,0,5881313,-0,02033076,r
-0,05651861,0,6312293,-0,2068807,g
0,3027897,0,1975607,0,04522879,b
0,867587,0,4700288,-0,1623756,r
0,2194215,0,2265773,0,09917493,b
0,07403524,0,1284287,0,08932171,b
0,582936,-0,2618442,-0,7691704,r
0,5959857,0,2984037,-0,01417005,g
0,216419,0,05557948,0,1521905,b
0,9016724,0,3898205,-0,1871544,r
0,2452237,0,01139121,0,2556633,b
0,3329601,0,8593037,-0,3882459,r
0,251801,0,06336491,0,2247392,b
0,2392024,0,2910862,0,1110431,b
0,6094617,-0,6097475,-0,5067194,r
0,4704213,-0,467321,-0,06898773,g
0,2714027,0,246412,0,1123701,b
0,3315603,0,1401518,0,01633641,b
0,7442273,-0,3490932,-0,569438,r
0,1875212,0,4739175,-0,4297469,g
0,05972051,0,1986775,0,04193999,b
-0,4603998,-0,05428355,-0,4790927,g
0,1856088,0,3287826,0,08776007,b
0,7203236,0,6054553,-0,338464,r
0,3276187,0,1176974,0,2987536,b
0,3065529,0,332224,0,04444696,b
-0,3227735,-0,3917552,-0,4321916,g
0,07797782,0,185725,0,1737155,b
